{
  "demo_content": {
    "title": "Sample Podcast Introduction",
    "transcript": "Welcome to our podcast about artificial intelligence and machine learning. Today we're discussing the future of AI in business.",
    "analysis_depth": "comprehensive",
    "metrics": {
      "word_count": 25,
      "sentence_count": 2,
      "reading_time_minutes": 0.13,
      "topic_coherence_score": 0.85
    },
    "scores": {
      "clarity": 8.5,
      "engagement": 7.2,
      "structure": 6.8,
      "energy": 7.5,
      "professionalism": 8.0,
      "overall_score": 7.6
    },
    "feedback": "Good introduction with clear topic focus. Consider adding more engaging questions and transition words for better structure."
  }
}