{
  "version": "1.0.0",
  "release_date": "2025-08-12",
  "demo_type": "barebones-offline",
  "features": [
    "Local content analysis",
    "Sample guest research",
    "Mock transcription",
    "Mock TTS generation",
    "Session management",
    "Theme customization",
    "Keyboard shortcuts"
  ],
  "requirements": {
    "python": "3.8+",
    "ram": "4GB+",
    "disk_space": "500MB+"
  },
  "supported_platforms": [
    "Windows 10/11",
    "macOS 10.14+",
    "Linux (Ubuntu 18.04+)"
  ]
}